x,y,z,q0,q1,q2,q3
0.627142488956,0.14027351141,1.11651909351,0.361167252064,0.598569631577,0.368384897709,-0.612833738327
0.630322515965,0.140199810266,1.11630880833,0.363332986832,0.595428168774,0.368210166693,-0.6147159338
0.630800962448,0.140561297536,1.11622810364,0.363373845816,0.595978438854,0.368222266436,-0.614151120186
0.628846466541,0.141296118498,1.1165292263,0.356991589069,0.602866947651,0.366268604994,-0.61233651638
0.628846466541,0.141296118498,1.1165292263,0.356991589069,0.602866947651,0.366268604994,-0.61233651638
0.63020581007,0.141893967986,1.11663329601,0.366335064173,0.600498616695,0.372046619654,-0.605624973774
0.630293905735,0.142323255539,1.11678266525,0.357980370522,0.604254543781,0.364911109209,-0.611200690269
0.630836248398,0.142552509904,1.11683166027,0.358502328396,0.604312896729,0.364283174276,-0.611211776733
0.631267607212,0.142731785774,1.11683404446,0.36727014184,0.601569890976,0.369993209839,-0.605253219604
0.631692945957,0.14293833077,1.11688709259,0.367854177952,0.601595461369,0.369209647179,-0.605351567268
0.632061183453,0.143157064915,1.11686849594,0.368585407734,0.601487278938,0.368301838636,-0.605567216873
0.632453680038,0.143309012055,1.11686646938,0.369414061308,0.601207017899,0.367377787828,-0.605901896954
0.632733047009,0.143399655819,1.11698627472,0.370358377695,0.600807845592,0.366619080305,-0.606180846691
0.6331204772,0.143531888723,1.11693143845,0.371256828308,0.600408136845,0.365493685007,-0.606706500053
0.633559286594,0.143600568175,1.1168615818,0.376174598932,0.597180724144,0.366247564554,-0.606407940388
0.633902311325,0.143700018525,1.11674463749,0.374161183834,0.598709762096,0.36373770237,-0.607655227184
0.634559810162,0.143940195441,1.11645567417,0.376268953085,0.597423136234,0.362600028515,-0.608299851418
0.634559810162,0.143940195441,1.11645567417,0.376268953085,0.597423136234,0.362600028515,-0.608299851418
0.634738028049,0.144117921591,1.11637616158,0.379370570183,0.595787763596,0.360752165318,-0.609075427055
0.634921312332,0.144272461534,1.11636018753,0.386515319347,0.591413319111,0.361566215754,-0.608363449574
0.635088384151,0.144236192107,1.11626601219,0.387649089098,0.590530514717,0.360437810421,-0.609168767929
0.635338962078,0.144396036863,1.11597442627,0.389176487923,0.589574694633,0.358715713024,-0.610136568546
0.635356485844,0.144482254982,1.11611568928,0.382996767759,0.590972065926,0.351630181074,-0.616783440113
0.635517120361,0.144424676895,1.11602735519,0.392738848925,0.587271928787,0.356367647648,-0.611449182034
0.635581493378,0.144531279802,1.11600708961,0.385878235102,0.588993906975,0.348626673222,-0.61858189106
0.635586500168,0.144474372268,1.11595952511,0.395548790693,0.585591733456,0.353756278753,-0.612764298916
0.635590910912,0.144566506147,1.11596655846,0.388111680746,0.58752477169,0.345612734556,-0.620270907879
0.635516881943,0.144538387656,1.11594200134,0.398118138313,0.584151148796,0.350031554699,-0.614611625671
0.635353505611,0.144610151649,1.11598443985,0.399002194405,0.583788752556,0.348051667213,-0.615506231785
0.635353505611,0.144610151649,1.11598443985,0.399002194405,0.583788752556,0.348051667213,-0.615506231785
0.635083496571,0.144839838147,1.116076231,0.392115533352,0.58565145731,0.336797177792,-0.624360084534
0.63490819931,0.144942522049,1.116117239,0.393476933241,0.585045933723,0.334795802832,-0.625147104263
0.634682953358,0.145008355379,1.1161839962,0.393774330616,0.585019826889,0.33222591877,-0.626354277134
0.634496629238,0.14506316185,1.11623072624,0.39687743783,0.584070563316,0.330947697163,-0.625957906246
0.634294211864,0.145160362124,1.11632490158,0.395500183105,0.584432661533,0.327427327633,-0.628338575363
0.63411295414,0.145269691944,1.1164046526,0.395794421434,0.584287166595,0.32493776083,-0.629580080509
0.633917093277,0.145484060049,1.11647129059,0.396728008986,0.584100186825,0.322356432676,-0.630492091179
0.633726119995,0.145493328571,1.11652064323,0.396707504988,0.584054470062,0.319764226675,-0.631865799427
0.63343667984,0.14548060298,1.11660039425,0.396844983101,0.5840280056,0.317245990038,-0.633072257042
0.633228600025,0.145562529564,1.11667501926,0.397184848785,0.583909094334,0.315068870783,-0.634055137634
0.633043050766,0.145765930414,1.11680912971,0.398285150528,0.583494067192,0.313093006611,-0.634725511074
0.632858872414,0.145824342966,1.11687803268,0.398814767599,0.583085954189,0.311292499304,-0.635652899742
0.632858872414,0.145824342966,1.11687803268,0.398814767599,0.583085954189,0.311292499304,-0.635652899742
0.632600665092,0.1459826231,1.11683154106,0.399894207716,0.582423865795,0.307621985674,-0.637366354465
0.632418036461,0.146077409387,1.11692345142,0.400605976582,0.582135081291,0.306218922138,-0.637858688831
0.632418036461,0.146077409387,1.11692345142,0.400605976582,0.582135081291,0.306218922138,-0.637858688831
0.63467335701,0.145484030247,1.11675298214,0.404277712107,0.576805830002,0.304293900728,-0.641295671463
0.63453990221,0.145422041416,1.11678922176,0.40455198288,0.576429486275,0.303268879652,-0.641946196556
0.634423673153,0.145411804318,1.11678195,0.404991477728,0.575701236725,0.302361428738,-0.642750144005
0.634423673153,0.145411804318,1.11678195,0.404991477728,0.575701236725,0.302361428738,-0.642750144005
0.634178340435,0.145340397954,1.11672008038,0.405903786421,0.574745595455,0.301112353802,-0.643615722656
0.634061038494,0.145340144634,1.11670482159,0.406571358442,0.573998212814,0.300686955452,-0.644060015678
0.631132721901,0.145605549216,1.11693906784,0.403775990009,0.578116416931,0.300080120564,-0.642416119576
0.630971848965,0.145672440529,1.11693942547,0.404419869184,0.577705204487,0.30048340559,-0.642192423344
0.630803048611,0.145476847887,1.11684215069,0.406403243542,0.576914310455,0.300994187593,-0.641411721706
0.630651891232,0.145435854793,1.11680090427,0.408867835999,0.576205015182,0.30302426219,-0.63952434063
0.633305072784,0.144961029291,1.116492033,0.40758690238,0.572122216225,0.300096303225,-0.645361423492
0.633191347122,0.144941478968,1.11646032333,0.407553821802,0.571986734867,0.300090044737,-0.6455052495
0.633162558079,0.144897535443,1.11644756794,0.40749797225,0.571798086166,0.300058722496,-0.645722210407
0.633067667484,0.144909635186,1.11641705036,0.412266373634,0.570796310902,0.30328270793,-0.642065107822
0.630037009716,0.145453602076,1.11670947075,0.40914657712,0.575745403767,0.303353220224,-0.63960391283
0.629929184914,0.145440801978,1.11690878868,0.409361958504,0.575634896755,0.303972542286,-0.639271616936
0.629950940609,0.145603239536,1.11662936211,0.404933989048,0.576657116413,0.300857901573,-0.642634928226
0.62999600172,0.14568978548,1.11656117439,0.405531734228,0.576387941837,0.30137938261,-0.64225512743
0.630023360252,0.14576664567,1.11686420441,0.406459182501,0.57590419054,0.302379608154,-0.641632258892
0.630158007145,0.145849466324,1.11684238911,0.407079488039,0.575480043888,0.302813708782,-0.641414761543
0.630340456963,0.145990103483,1.11685597897,0.408039808273,0.574945986271,0.302974581718,-0.641207575798
0.633484959602,0.145797908306,1.11654472351,0.412428677082,0.569304347038,0.303331673145,-0.643261313438
0.630873203278,0.146411016583,1.11671352386,0.410540312529,0.573282003403,0.303824186325,-0.640699028969
0.631068468094,0.146612718701,1.11652743816,0.411308556795,0.572847664356,0.303918898106,-0.640549957752
0.631068468094,0.146612718701,1.11652743816,0.411308556795,0.572847664356,0.303918898106,-0.640549957752
0.631737530231,0.14685317874,1.11669182777,0.412422865629,0.571652889252,0.304196238518,-0.64076924324
0.631802618504,0.14714898169,1.11683571339,0.413273245096,0.571418583393,0.304591268301,-0.640242338181
0.631868779659,0.147293895483,1.11690497398,0.413434892893,0.571276068687,0.304663985968,-0.640230596066
0.631859600544,0.14736366272,1.11700928211,0.412977337837,0.571388304234,0.304503321648,-0.640502035618
0.631852388382,0.147543072701,1.11701977253,0.413032710552,0.571429073811,0.304445445538,-0.640457570553
0.631722092628,0.147671446204,1.11707639694,0.412787228823,0.571616113186,0.304475516081,-0.640434682369
0.631635010242,0.147863835096,1.11699724197,0.4125225842,0.571827471256,0.30434730649,-0.6404774189
0.631469607353,0.148052245378,1.11710011959,0.412416189909,0.572035312653,0.30448281765,-0.640295982361
0.631469607353,0.148052245378,1.11710011959,0.412416189909,0.572035312653,0.30448281765,-0.640295982361
0.630893170834,0.148261010647,1.11717998981,0.411044746637,0.572799563408,0.305106729269,-0.640197575092
0.630358278751,0.148357242346,1.11721265316,0.409671336412,0.573776900768,0.30499702692,-0.64025503397
0.630166113377,0.14844879508,1.11720943451,0.409109562635,0.574023783207,0.305117428303,-0.64033550024
0.629986286163,0.148506760597,1.11720001698,0.408358216286,0.574298322201,0.305236458778,-0.640512108803
0.629801511765,0.14854323864,1.117202878,0.407548248768,0.574696302414,0.305501163006,-0.640544652939
0.629626512527,0.148587942123,1.11719501019,0.407002419233,0.574789226055,0.305851340294,-0.640641331673
0.629477441311,0.148557692766,1.11712443829,0.405967622995,0.574949085712,0.306022703648,-0.641072452068
0.629675090313,0.148791521788,1.11719119549,0.406731277704,0.574198067188,0.30690357089,-0.640840470791
0.629143595695,0.1487865448,1.117146492,0.406019330025,0.574678361416,0.307666391134,-0.640495538712
0.629040777683,0.148810744286,1.11709976196,0.405623793602,0.574594080448,0.308324098587,-0.640505433083
0.628957509995,0.148832798004,1.11689853668,0.405127316713,0.574638724327,0.308831751347,-0.640535116196
0.628873825073,0.148834645748,1.11682021618,0.404411613941,0.574890971184,0.30936306715,-0.640504658222
0.628797292709,0.148839503527,1.11675620079,0.404209911823,0.574767589569,0.310519605875,-0.640183150768
0.62876957655,0.14891320467,1.11669325829,0.403893202543,0.574747681618,0.311573505402,-0.639888644218
0.62876957655,0.14891320467,1.11669325829,0.403893202543,0.574747681618,0.311573505402,-0.639888644218
0.628633916378,0.148967593908,1.11662757397,0.403642803431,0.574850142002,0.313998013735,-0.63876837492
0.628584325314,0.148893639445,1.11659598351,0.403401404619,0.574827313423,0.315193742514,-0.638352453709
0.628903210163,0.148819416761,1.11646676064,0.403106093407,0.574371397495,0.316030412912,-0.638535678387
0.62884670496,0.148973017931,1.11655473709,0.403021246195,0.574695944786,0.317260444164,-0.637686789036
0.628877043724,0.148912101984,1.11648833752,0.402433723211,0.574843406677,0.318021178246,-0.637546002865
0.628471016884,0.149075776339,1.11645925045,0.401730716228,0.575846254826,0.318883031607,-0.636653125286
0.628899753094,0.149184823036,1.11641168594,0.401513308287,0.575802922249,0.319208741188,-0.636666297913
0.628537714481,0.149259716272,1.11640894413,0.400366872549,0.577042520046,0.319594055414,-0.636072218418
0.628646612167,0.149435013533,1.11642539501,0.400060176849,0.577414155006,0.320415824652,-0.635514318943
0.628709733486,0.149531006813,1.11640667915,0.399426102638,0.578026652336,0.320926874876,-0.635098576546
0.628792822361,0.149634405971,1.1163816452,0.399304419756,0.578196644783,0.321710854769,-0.634623348713
0.628908753395,0.149805784225,1.11635577679,0.399323016405,0.578400552273,0.322365492582,-0.634093463421
0.62908321619,0.149940252304,1.11631977558,0.39972448349,0.578405559063,0.323186993599,-0.63341742754
0.62908321619,0.149940252304,1.11631977558,0.39972448349,0.578405559063,0.323186993599,-0.63341742754
0.629535853863,0.150353729725,1.11631417274,0.400545477867,0.578425467014,0.324595421553,-0.632159233093
0.629535853863,0.150353729725,1.11631417274,0.400545477867,0.578425467014,0.324595421553,-0.632159233093
0.630194485188,0.150675043464,1.11628973484,0.401876926422,0.577736079693,0.32568693161,-0.631382703781
0.630865931511,0.150774925947,1.11631965637,0.402608156204,0.57687407732,0.325974404812,-0.63155657053
0.63349366188,0.150416389108,1.11607122421,0.404941141605,0.572945952415,0.326031267643,-0.633608281612
0.631034970284,0.151075303555,1.11641514301,0.40300950408,0.576915860176,0.326689958572,-0.630892336369
0.633990943432,0.150696694851,1.11615967751,0.406018853188,0.572255432606,0.327019929886,-0.633032679558
0.631445646286,0.151354283094,1.11653912067,0.403696715832,0.576466500759,0.327428132296,-0.630480885506
0.631592273712,0.151548922062,1.11663198471,0.404259443283,0.576322495937,0.327828079462,-0.630044043064
0.631592273712,0.151548922062,1.11663198471,0.404259443283,0.576322495937,0.327828079462,-0.630044043064
0.631770789623,0.151691302657,1.11691904068,0.404814422131,0.576026976109,0.328742325306,-0.629481315613
0.631852209568,0.151638895273,1.1168782711,0.40424823761,0.576293587685,0.328565001488,-0.629693746567
0.631852209568,0.151638895273,1.1168782711,0.40424823761,0.576293587685,0.328565001488,-0.629693746567
0.631952106953,0.151709213853,1.11685883999,0.404052436352,0.57630366087,0.32852268219,-0.629832148552
0.631975591183,0.151799887419,1.11686193943,0.404156118631,0.576327085495,0.328505039215,-0.629753530025
0.631995201111,0.151861310005,1.11685657501,0.404221832752,0.576293289661,0.328496545553,-0.629746735096
0.631961524487,0.151975035667,1.11694025993,0.404416918755,0.57624322176,0.328727513552,-0.629546642303
0.631997585297,0.152106314898,1.11670720577,0.404556155205,0.576208770275,0.32849252224,-0.629611492157
0.631997585297,0.152106314898,1.11670720577,0.404556155205,0.576208770275,0.32849252224,-0.629611492157
0.631963729858,0.152342036366,1.11670601368,0.405210524797,0.576014459133,0.32862585783,-0.62929880619
0.631942689419,0.152421399951,1.11671054363,0.405246943235,0.576000571251,0.328504294157,-0.629351556301
0.631892621517,0.15246784687,1.11669015884,0.405145525932,0.576104700565,0.328309506178,-0.629423081875
0.631892621517,0.15246784687,1.11669015884,0.405145525932,0.576104700565,0.328309506178,-0.629423081875
0.634675383568,0.152108073235,1.11640882492,0.407932132483,0.571829795837,0.327665418386,-0.631852388382
0.6346103549,0.152210026979,1.11633849144,0.408088922501,0.571904301643,0.327572464943,-0.631731927395
0.6346103549,0.152210026979,1.11633849144,0.408088922501,0.571904301643,0.327572464943,-0.631731927395
0.634490609169,0.152294069529,1.11630702019,0.408625364304,0.571458101273,0.327826619148,-0.631657123566
0.634617865086,0.152333706617,1.11627495289,0.409221321344,0.570907890797,0.328125715256,-0.631613433361
0.634501218796,0.15245346725,1.11622262001,0.409475952387,0.570803463459,0.32829272747,-0.631456077099
0.634501218796,0.15245346725,1.11622262001,0.409475952387,0.570803463459,0.32829272747,-0.631456077099
0.634607493877,0.152570441365,1.11616516113,0.410048037767,0.570077836514,0.328533709049,-0.631615161896
0.632013976574,0.153120815754,1.11643016338,0.407720088959,0.573993384838,0.328706741333,-0.629482269287
0.631687283516,0.15326705575,1.1164431572,0.407752335072,0.574113488197,0.328889161348,-0.629256486893
0.631691455841,0.153354138136,1.11645889282,0.408179521561,0.573663949966,0.329169660807,-0.629242777824
0.631676912308,0.15351845324,1.11650645733,0.408426135778,0.573457241058,0.329146921635,-0.629283130169
0.631662428379,0.153616189957,1.11647307873,0.408489793539,0.573284566402,0.329125702381,-0.629410207272
0.631660878658,0.153682425618,1.11643564701,0.408474713564,0.573081552982,0.329092085361,-0.629622459412
0.631610155106,0.15378524363,1.11645770073,0.408380270004,0.573033750057,0.329004615545,-0.629772901535
0.631535291672,0.153944939375,1.11650514603,0.408657073975,0.572853505611,0.329165369272,-0.629673421383
0.63146096468,0.154097795486,1.11652708054,0.408436328173,0.572878658772,0.328988492489,-0.629886031151
0.631378650665,0.15412889421,1.11656355858,0.408045232296,0.57285964489,0.328835755587,-0.630236566067
0.631322920322,0.154382199049,1.11659395695,0.408241152763,0.57282024622,0.328756988049,-0.630186617374
0.631241679192,0.154537543654,1.11663353443,0.408071398735,0.572892129421,0.328618854284,-0.63030320406
0.631117641926,0.15470585227,1.11664116383,0.407936811447,0.572941362858,0.328452438116,-0.630432069302
0.631032824516,0.154912799597,1.11664700508,0.40785741806,0.573078691959,0.328292012215,-0.630442202091
0.630916535854,0.155056029558,1.11673343182,0.407527416945,0.573294579983,0.328055292368,-0.630582690239
0.630798518658,0.155215501785,1.11679279804,0.407490342855,0.573283612728,0.32801091671,-0.630639731884
0.630724966526,0.155317872763,1.11676418781,0.407191693783,0.573394238949,0.327823370695,-0.630829513073
0.630643665791,0.155452430248,1.11674404144,0.406758338213,0.573567152023,0.327672213316,-0.631030440331
0.630524754524,0.155545353889,1.11674618721,0.406513184309,0.57363319397,0.327633053064,-0.631148636341
0.630441188812,0.155699729919,1.11673438549,0.406495511532,0.57366591692,0.327742606401,-0.631073415279
0.630379378796,0.155859589577,1.11673402786,0.406424552202,0.573703765869,0.327618032694,-0.631149411201
0.630305171013,0.155995294452,1.11668324471,0.406380414963,0.573700726032,0.32760360837,-0.631188154221
0.630229055882,0.156095847487,1.11673069,0.406300038099,0.573698937893,0.327675431967,-0.631204128265
0.630192756653,0.156218975782,1.11671471596,0.40625166893,0.573689639568,0.327661573887,-0.631250858307
0.630140721798,0.156351655722,1.11670553684,0.406453102827,0.573603749275,0.327783852816,-0.631136000156
0.629861295223,0.157112285495,1.11695480347,0.406452089548,0.574569225311,0.326795876026,-0.63077044487
0.630072176456,0.156637832522,1.11667668819,0.406432271004,0.573635280132,0.327631413937,-0.631199777126
0.629800379276,0.157311946154,1.11717391014,0.406548440456,0.574486970901,0.326883226633,-0.630737960339
0.629800379276,0.157311946154,1.11717391014,0.406548440456,0.574486970901,0.326883226633,-0.630737960339
0.629993438721,0.156947135925,1.11654782295,0.40624538064,0.573654592037,0.327085018158,-0.631585776806
0.629975676537,0.157046511769,1.11652636528,0.406376540661,0.573473632336,0.326901644468,-0.631760776043
0.629933238029,0.157104179263,1.11674046516,0.406675368547,0.573317408562,0.327041387558,-0.631637871265
0.629938423634,0.157226651907,1.11669623852,0.406645268202,0.573365211487,0.326616764069,-0.631833732128
0.629736959934,0.158058434725,1.11704361439,0.407355189323,0.574104487896,0.32561981678,-0.631219267845
0.629774212837,0.158232882619,1.11703467369,0.40766915679,0.573972344398,0.325228840113,-0.631338000298
0.629822909832,0.158353701234,1.11699807644,0.408161759377,0.573703348637,0.325022220612,-0.631370663643
0.629939496517,0.158560305834,1.1167601347,0.408608585596,0.573504447937,0.324496269226,-0.631532967091
0.630216479301,0.158057227731,1.1164110899,0.408993929625,0.572329223156,0.32513320446,-0.632021903992
0.630285680294,0.158221364021,1.1163725853,0.409491986036,0.572122693062,0.32479724288,-0.632059156895
0.630389809608,0.158357843757,1.11628043652,0.409673392773,0.572018444538,0.323980867863,-0.632454812527
0.630521118641,0.158714219928,1.1162456274,0.411041676998,0.571467041969,0.323697596788,-0.632210373878
0.630521118641,0.158714219928,1.1162456274,0.411041676998,0.571467041969,0.323697596788,-0.632210373878
0.630637228489,0.159083336592,1.11619412899,0.411685526371,0.571442127228,0.322166055441,-0.632596194744
0.630680203438,0.159192562103,1.11616492271,0.412208557129,0.57128828764,0.321661740541,-0.632651329041
0.630680203438,0.159192562103,1.11616492271,0.412208557129,0.57128828764,0.321661740541,-0.632651329041
0.630654990673,0.159146875143,1.11593592167,0.411960631609,0.571212589741,0.319730997086,-0.633858680725
0.630685091019,0.159256964922,1.1159119606,0.412274211645,0.570942103863,0.318695873022,-0.634419441223
0.63074439764,0.159368932247,1.11588203907,0.412817656994,0.570715665817,0.318278640509,-0.634479343891
0.63077455759,0.159502133727,1.11586010456,0.413183301687,0.570630431175,0.317407757044,-0.634754240513
0.630915939808,0.159633278847,1.11583352089,0.413709372282,0.570399284363,0.316360116005,-0.635142147541
0.631006062031,0.159778922796,1.11582231522,0.414267331362,0.570154964924,0.315449267626,-0.635450780392
0.631038784981,0.159885182977,1.11575591564,0.41461622715,0.569859981537,0.31414014101,-0.636135995388
0.631091654301,0.160061940551,1.11568236351,0.415043503046,0.569764375687,0.312753677368,-0.636626005173
0.631108283997,0.160189777613,1.11568593979,0.415426939726,0.569639980793,0.311714410782,-0.636996865273
0.631123185158,0.160244718194,1.11564838886,0.415591835976,0.569386184216,0.310375243425,-0.637769460678
0.631138622761,0.160390019417,1.11562848091,0.415997862816,0.56925034523,0.309179961681,-0.638206541538
0.631150066853,0.160523101687,1.11562669277,0.416479319334,0.569122076035,0.308080106974,-0.638538837433
0.631141483784,0.160629630089,1.11561691761,0.417046040297,0.568808138371,0.306866466999,-0.639032900333
0.631157159805,0.160780698061,1.11556708813,0.417500138283,0.568616986275,0.305344760418,-0.63963508606
0.631121098995,0.160972073674,1.11561238766,0.417750626802,0.568769812584,0.30342489481,-0.640249073505
0.631128847599,0.161060720682,1.11562240124,0.418035686016,0.568676292896,0.302234858274,-0.640708804131
0.631123423576,0.161207616329,1.11565124989,0.418680250645,0.568323850632,0.30081692338,-0.641267597675
0.633964061737,0.160861045122,1.11539912224,0.422087043524,0.563485085964,0.299623697996,-0.643857836723
0.633986115456,0.161070853472,1.11546838284,0.422893971205,0.562996864319,0.298208296299,-0.644412279129
0.631057679653,0.161661982536,1.11576211452,0.420162141323,0.567662358284,0.29692915082,-0.642694711685
0.633952081203,0.16117168963,1.1154460907,0.42377614975,0.562404692173,0.295878589153,-0.645422875881
0.631015658379,0.161708921194,1.11573958397,0.420940101147,0.567017912865,0.294323712587,-0.643951535225
0.630992889404,0.161836564541,1.11577165127,0.42411467433,0.566007614136,0.294801920652,-0.642537236214
0.630987823009,0.161855399609,1.11574041843,0.422127991915,0.566210389137,0.292208403349,-0.644847154617
0.630983114243,0.16199490428,1.11573839188,0.422809869051,0.565688967705,0.290957957506,-0.645423591137
0.631008386612,0.16213427484,1.11574375629,0.423442721367,0.565332889557,0.289799660444,-0.645841419697
0.630989909172,0.162124156952,1.11570119858,0.423060059547,0.56547498703,0.287958085537,-0.646790862083
0.630984187126,0.162207126617,1.1157232523,0.424358278513,0.56445646286,0.28690558672,-0.647297620773
0.630999922752,0.162318900228,1.11574244499,0.424507796764,0.564379155636,0.284905791283,-0.64814978838
0.630986094475,0.162333726883,1.11573672295,0.429682999849,0.56303191185,0.286447942257,-0.645224869251
0.630954802036,0.16238668561,1.11576485634,0.42996558547,0.562832295895,0.28496041894,-0.645869195461
0.630936205387,0.162472784519,1.11577951908,0.430223822594,0.562624871731,0.283076822758,-0.646705627441
0.630856335163,0.162654563785,1.11585795879,0.426245689392,0.563148260117,0.27839666605,-0.650902569294
0.630833745003,0.162634253502,1.11580681801,0.426148712635,0.562973856926,0.276473075151,-0.651935994625
0.630780220032,0.162772700191,1.11589097977,0.426629930735,0.562740325928,0.274793952703,-0.652532458305
0.630732893944,0.162783175707,1.11588656902,0.426754206419,0.562610805035,0.273019492626,-0.653307139874
0.630753338337,0.163120090961,1.11599373817,0.432303935289,0.56175327301,0.274324119091,-0.649840712547
0.630773365498,0.163302928209,1.11608147621,0.427886664867,0.562348842621,0.26910790801,-0.654414057732
0.630717933178,0.16336658597,1.11611449718,0.430700302124,0.561194777489,0.268190473318,-0.653935432434
0.630704641342,0.163500264287,1.11616408825,0.428076058626,0.561728596687,0.264553904533,-0.656675875187
0.630687952042,0.163630694151,1.11621952057,0.433128505945,0.561007499695,0.265739709139,-0.653492748737
0.630707085133,0.163759216666,1.11626315117,0.433329999447,0.560857713223,0.263401031494,-0.654433846474
0.630732774734,0.163790225983,1.11627721786,0.433568924665,0.560064315796,0.260373234749,-0.656164646149
0.63074028492,0.163948968053,1.11634349823,0.431983917952,0.560176312923,0.256393700838,-0.658676505089
0.6307554245,0.164092898369,1.11642694473,0.430323004723,0.559994935989,0.253462523222,-0.6610481143
0.633510708809,0.163776621222,1.11624228954,0.437403798103,0.55515897274,0.252566307783,-0.660822868347
0.633479654789,0.163949176669,1.11628127098,0.436641216278,0.553967297077,0.248856753111,-0.663728177547
0.633452951908,0.164171293378,1.11639404297,0.43841829896,0.55359172821,0.247114449739,-0.663520932198
0.633422791958,0.164322391152,1.11645674706,0.437828123569,0.553480088711,0.243245258927,-0.665430903435
0.633416175842,0.16448327899,1.11653196812,0.439533948898,0.552967488766,0.241247221828,-0.665459752083
0.630608022213,0.165238589048,1.11694729328,0.434952735901,0.559101223946,0.235414236784,-0.665433704853
0.630582511425,0.165361851454,1.11701917648,0.436097443104,0.558897852898,0.232982650399,-0.665711045265
0.630494058132,0.165431290865,1.11706495285,0.434830307961,0.558914661407,0.228875994682,-0.667946755886
0.630494058132,0.165431290865,1.11706495285,0.434830307961,0.558914661407,0.228875994682,-0.667946755886
0.633174240589,0.165184766054,1.11694896221,0.441198855639,0.553175449371,0.223562330008,-0.670343577862
0.632906258106,0.165528088808,1.1171323061,0.442250490189,0.553259551525,0.220232829452,-0.670683145523
0.632888913155,0.165642261505,1.11720633507,0.443537503481,0.552612006664,0.21677903831,-0.671491742134
0.632888913155,0.165642261505,1.11720633507,0.443537503481,0.552612006664,0.21677903831,-0.671491742134
0.632871806622,0.165975794196,1.11721801758,0.448135614395,0.551223933697,0.210761502385,-0.671495556831
0.632784128189,0.165848463774,1.11734712124,0.446759104729,0.550802469254,0.205764994025,-0.674302518368
0.632722914219,0.166089147329,1.11733281612,0.447749704123,0.550290942192,0.201539084315,-0.675338566303
0.632626593113,0.166036054492,1.11733734608,0.448883086443,0.54992300272,0.197907432914,-0.675959646702
0.633551716805,0.165282025933,1.11718606949,0.451131016016,0.547165393829,0.194949015975,-0.677558720112
0.63175868988,0.166103541851,1.11764752865,0.452602416277,0.550170898438,0.191513121128,-0.67511922121
0.631231069565,0.166108191013,1.11769247055,0.453411132097,0.550597071648,0.1875859797,-0.675331711769
0.630974829197,0.165998890996,1.11774396896,0.452275425196,0.549755632877,0.18198916316,-0.678303539753
0.630601942539,0.165997996926,1.11778056622,0.45385158062,0.550050318241,0.178362727165,-0.677974998951
0.630238175392,0.165856719017,1.11778128147,0.457602590322,0.550040543079,0.176199778914,-0.676024436951
0.629543542862,0.165849328041,1.11782252789,0.458787977695,0.550291359425,0.172146141529,-0.676061272621
0.626446783543,0.166241079569,1.11814904213,0.455638438463,0.554511070251,0.166449442506,-0.676169872284
0.626446783543,0.166241079569,1.11814904213,0.455638438463,0.554511070251,0.166449442506,-0.676169872284
0.625320136547,0.166028290987,1.11809873581,0.459102571011,0.556386291981,0.15826818347,-0.674248099327
0.624953508377,0.165780425072,1.11807239056,0.460613429546,0.555645704269,0.154455512762,-0.674712181091
0.624005198479,0.165589615703,1.11805963516,0.462091952562,0.555607497692,0.150231316686,-0.674686610699
0.625845313072,0.164782136679,1.1174403429,0.466772764921,0.550008535385,0.146516740322,-0.67686522007
0.622778952122,0.165048912168,1.11788249016,0.46637827158,0.553500592709,0.141884863377,-0.675275444984
0.622778952122,0.165048912168,1.11788249016,0.46637827158,0.553500592709,0.141884863377,-0.675275444984
0.621170282364,0.16435238719,1.11761963367,0.468782365322,0.551069736481,0.131978079677,-0.677603960037
0.620375692844,0.164050340652,1.11749279499,0.46980240941,0.550101876259,0.127154454589,-0.678605437279
0.620375692844,0.164050340652,1.11749279499,0.46980240941,0.550101876259,0.127154454589,-0.678605437279
0.618898749352,0.163161575794,1.11700356007,0.482686758041,0.547410666943,0.123081251979,-0.672462880611
0.617485165596,0.162637740374,1.11701893806,0.473094344139,0.546275615692,0.111856997013,-0.682094395161
0.616196215153,0.162056729198,1.11696088314,0.474658489227,0.54566180706,0.107205808163,-0.682245910168
0.61534512043,0.161374986172,1.11681544781,0.488271296024,0.544482409954,0.109446913004,-0.673165380955
0.614271879196,0.16080352664,1.11644029617,0.478688538074,0.541965425014,0.0968767926097,-0.683919370174
0.612196743488,0.160129547119,1.1163649559,0.48009839654,0.541748583317,0.0921757444739,-0.683752715588
0.610584259033,0.159474313259,1.11634683609,0.49298030138,0.541672289371,0.0936364680529,-0.674384117126
0.609021127224,0.158574685454,1.11602580547,0.494482427835,0.54013043642,0.0881098285317,-0.675265073776
0.607445180416,0.157889842987,1.11597847939,0.484875351191,0.537661850452,0.0759455785155,-0.685600459576
0.606373429298,0.157059937716,1.11575746536,0.48694357276,0.535061717033,0.0700894668698,-0.686791419983
0.604447960854,0.156251236796,1.11535072327,0.488790184259,0.53359991312,0.0639669001102,-0.687214434147
0.602147161961,0.155330017209,1.11524939537,0.489864587784,0.532453000546,0.0578955709934,-0.687876880169
0.600683450699,0.154242292047,1.11501729488,0.495144069195,0.529491364956,0.0538365244865,-0.686711788177
0.59849947691,0.153170108795,1.11510503292,0.496876269579,0.527929186821,0.04873688519,-0.687044143677
0.596344649792,0.151927322149,1.11522173882,0.499080598354,0.525549769402,0.0438587777317,-0.68759906292
0.594132483006,0.150856778026,1.11519122124,0.502287268639,0.523607969284,0.0388665907085,-0.687045574188
0.592120468616,0.149751618505,1.11514639854,0.504262447357,0.521111488342,0.0329377055168,-0.68780618906
0.589328289032,0.14851847291,1.11504304409,0.504493355751,0.520117580891,0.0263742413372,-0.688671529293
0.587403357029,0.14729771018,1.11510026455,0.50792658329,0.516057193279,0.0211878232658,-0.689381361008
0.584573209286,0.145871892571,1.11507213116,0.505986809731,0.51465177536,0.0137332305312,-0.69204223156
0.582617640495,0.144424110651,1.11471557617,0.508696138859,0.511334478855,0.0070105525665,-0.692615568638
0.579825997353,0.143144235015,1.11495482922,0.518494188786,0.511508107185,0.00572603801265,-0.685193836689
0.576593697071,0.141424119473,1.11504650116,0.514773845673,0.50995516777,-0.00278417090885,-0.689163208008
0.574016928673,0.139936506748,1.11518597603,0.518208265305,0.506990373135,-0.00856197625399,-0.688728988171
0.574016928673,0.139936506748,1.11518597603,0.518208265305,0.506990373135,-0.00856197625399,-0.688728988171
0.568623483181,0.136483669281,1.11517930031,0.52022343874,0.50126260519,-0.0223433095962,-0.691089034081
0.566342949867,0.134678944945,1.11523365974,0.513751983643,0.49479958415,-0.0337250642478,-0.700067818165
0.566342949867,0.134678944945,1.11523365974,0.513751983643,0.49479958415,-0.0337250642478,-0.700067818165
0.560615956783,0.130952715874,1.11530458927,0.523414969444,0.490462660789,-0.0435120239854,-0.695406317711
0.557050943375,0.1290769279,1.11560034752,0.523823022842,0.488972514868,-0.0495993457735,-0.695740818977
0.554275035858,0.127362817526,1.11574018002,0.523961782455,0.485316425562,-0.0566761605442,-0.697653114796
0.551656365395,0.125123232603,1.11598062515,0.526149570942,0.480554133654,-0.0625383779407,-0.698801338673
0.548673212528,0.12295538187,1.1160929203,0.527346372604,0.476900935173,-0.0686738267541,-0.699825167656
0.545704722404,0.120947733521,1.1163533926,0.523442983627,0.472053408623,-0.0783954039216,-0.705001592636
0.542564928532,0.118526346982,1.11626648903,0.525063097477,0.467751264572,-0.085125207901,-0.70588350296
0.539400219917,0.116256326437,1.11677622795,0.529096782207,0.465710282326,-0.0895366817713,-0.703671753407
0.536415040493,0.113791622221,1.1166498661,0.528741359711,0.460373431444,-0.0971784740686,-0.70643144846
0.532820403576,0.111372724175,1.11713528633,0.516835749149,0.45249915123,-0.109642252326,-0.718403756618
0.530102193356,0.108716726303,1.11730253696,0.525119185448,0.449665129185,-0.113448016346,-0.713568985462
0.527056097984,0.105931952596,1.11777758598,0.518356859684,0.44229632616,-0.121923036873,-0.721675217152
0.523688077927,0.103331528604,1.11821174622,0.524913787842,0.441008299589,-0.125101596117,-0.717165887356
0.520708680153,0.100555546582,1.11850059032,0.51718890667,0.431475251913,-0.134840577841,-0.726748108864
0.51708561182,0.0979052484035,1.11964225769,0.51801866293,0.428741365671,-0.139237657189,-0.726945877075
0.513649642467,0.0949871614575,1.11929559708,0.515820145607,0.421618312597,-0.148033991456,-0.730926513672
0.510105729103,0.0922777056694,1.11983215809,0.523467004299,0.421592116356,-0.150524705648,-0.724972426891
0.507293701172,0.0892253518105,1.12012159824,0.514271557331,0.410184264183,-0.160166844726,-0.735948562622
0.503961205482,0.0862455740571,1.12073087692,0.522643446922,0.410513699055,-0.161734685302,-0.729496002197
0.500428617001,0.0831786543131,1.12132036686,0.517096221447,0.402952939272,-0.169095188379,-0.735967040062
0.497075140476,0.0798859223723,1.12288701534,0.507726669312,0.395304471254,-0.174947366118,-0.745212316513
0.493731439114,0.0766483470798,1.12276220322,0.513223111629,0.392465919256,-0.178911030293,-0.741999566555
0.493731439114,0.0766483470798,1.12276220322,0.513223111629,0.392465919256,-0.178911030293,-0.741999566555
0.486797869205,0.0703955739737,1.12571454048,0.509413540363,0.384380549192,-0.185656383634,-0.747182071209
0.483197778463,0.0670429244637,1.12667632103,0.509318232536,0.378065317869,-0.188569247723,-0.749735534191
0.479904860258,0.0636155977845,1.12761938572,0.498268514872,0.369877040386,-0.193936273456,-0.759808003902
0.477023720741,0.060153529048,1.12801766396,0.496619731188,0.363031715155,-0.197931140661,-0.763151466846
0.473889559507,0.0565777793527,1.12812650204,0.493458807468,0.356192052364,-0.201918765903,-0.767368614674
0.470815330744,0.0530591309071,1.12942051888,0.48966100812,0.350924700499,-0.203487887979,-0.771800994873
0.467420041561,0.0494644492865,1.13153088093,0.500356793404,0.354729771614,-0.199872046709,-0.764108121395
0.46419262886,0.0460977628827,1.13221561909,0.49655687809,0.348617821932,-0.203240886331,-0.768498599529
0.461034208536,0.0425506830215,1.13348340988,0.496053576469,0.34328687191,-0.20354603231,-0.771138072014
0.458037495613,0.038879532367,1.13403081894,0.493739068508,0.340158224106,-0.203193962574,-0.774097025394
0.454719185829,0.0356323495507,1.13608288765,0.496419608593,0.339731454849,-0.202502325177,-0.77275031805
0.451783835888,0.031969409436,1.13729870319,0.481150299311,0.33110126853,-0.204729780555,-0.785462975502
0.448731631041,0.0285992883146,1.13873028755,0.479951530695,0.327686309814,-0.204257503152,-0.787748217583
0.445885896683,0.0250406786799,1.13999021053,0.485973984003,0.330945283175,-0.201728537679,-0.783332705498
0.443668246269,0.0214983858168,1.14110887051,0.471729755402,0.322057634592,-0.203296944499,-0.795248568058
0.44107735157,0.0181101001799,1.14180850983,0.468988746405,0.318714827299,-0.203093960881,-0.79826271534
0.438386499882,0.0148469600827,1.14288401604,0.469607055187,0.31673681736,-0.201791986823,-0.799016356468
0.435602068901,0.0117437429726,1.14419651031,0.467487692833,0.315629065037,-0.201134547591,-0.800861120224
0.433448076248,0.008455010131,1.14502155781,0.468458741903,0.311467766762,-0.198848232627,-0.802492201328
0.430790066719,0.00524793192744,1.1462187767,0.464040458202,0.310942679644,-0.198385000229,-0.805372297764
0.428659856319,0.00211540237069,1.14733743668,0.462791383266,0.309209376574,-0.196614548564,-0.807190597057
0.426832258701,-0.000986883416772,1.14816904068,0.460245579481,0.306562572718,-0.19529992342,-0.809970080853
0.424796700478,-0.00391134992242,1.14900124073,0.457337915897,0.30413672328,-0.195003464818,-0.812598764896
0.422261834145,-0.00679817423224,1.14897608757,0.455288261175,0.300461858511,-0.194714546204,-0.815181851387
0.42017403245,-0.00924380496144,1.15144026279,0.453453928232,0.303536146879,-0.192798033357,-0.815520882607
0.417951911688,-0.0117075927556,1.15217781067,0.451713830233,0.302305281162,-0.19245146215,-0.817024290562
0.415761709213,-0.0140564739704,1.15183496475,0.449351221323,0.299154937267,-0.193890959024,-0.819143593311
0.414173662663,-0.0167155377567,1.15383470058,0.445847630501,0.298618912697,-0.191130578518,-0.821897685528
0.41251334548,-0.0188449397683,1.15438175201,0.447450250387,0.30388045311,-0.18913885951,-0.819555699825
0.410849332809,-0.0213219486177,1.15520036221,0.443300426006,0.29657804966,-0.189235433936,-0.824449002743
0.410849332809,-0.0213219486177,1.15520036221,0.443300426006,0.29657804966,-0.189235433936,-0.824449002743
0.40756291151,-0.0260287486017,1.15646100044,0.451041996479,0.297580838203,-0.186357632279,-0.820535004139
0.406230300665,-0.0281406417489,1.15686750412,0.448869079351,0.296427339315,-0.185458391905,-0.822345852852
0.40485945344,-0.0302103534341,1.15727603436,0.446705967188,0.295295387506,-0.185407459736,-0.823940813541
0.403948128223,-0.0323234982789,1.15706825256,0.446190953255,0.291924387217,-0.184318870306,-0.825663685799
0.402469724417,-0.0341135263443,1.15752208233,0.444602429867,0.290522187948,-0.184090003371,-0.827065050602
0.402469724417,-0.0341135263443,1.15752208233,0.444602429867,0.290522187948,-0.184090003371,-0.827065050602
0.400506734848,-0.0378746651113,1.15761804581,0.441519618034,0.285836607218,-0.182116851211,-0.830777645111
0.399040400982,-0.0392690077424,1.15776503086,0.441200971603,0.284730136395,-0.181541144848,-0.831452548504
0.398170292377,-0.0409883186221,1.15791273117,0.440104156733,0.282505840063,-0.180074155331,-0.833109915257
0.397146999836,-0.042491633445,1.15810191631,0.437347978354,0.281304299831,-0.179232820868,-0.835146844387
0.396182596684,-0.0439294502139,1.15824127197,0.439185827971,0.281631857157,-0.176917567849,-0.834565460682
0.395287752151,-0.0451265312731,1.15824043751,0.437452167273,0.280652791262,-0.176129281521,-0.835971355438
0.39452368021,-0.0461200736463,1.15818142891,0.436088681221,0.278884887695,-0.175000622869,-0.837510943413
0.39376142621,-0.047137260437,1.15821957588,0.435364246368,0.277736902237,-0.173426255584,-0.838596105576
0.39376142621,-0.047137260437,1.15821957588,0.435364246368,0.277736902237,-0.173426255584,-0.838596105576
0.392832398415,-0.0484813973308,1.15775418282,0.444652080536,0.278290063143,-0.168735742569,-0.834486305714
0.392151474953,-0.0487453602254,1.15762686729,0.446442782879,0.278817117214,-0.16831882298,-0.833437860012
0.391829609871,-0.0492099933326,1.15731990337,0.434189260006,0.273425251245,-0.167823672295,-0.841756224632
0.391829609871,-0.0492099933326,1.15731990337,0.434189260006,0.273425251245,-0.167823672295,-0.841756224632
0.391188442707,-0.0497099794447,1.15659666061,0.441724479198,0.271960884333,-0.165617123246,-0.838741838932
0.390963554382,-0.0497314818203,1.15617084503,0.444403111935,0.270947277546,-0.16415040195,-0.837942898273
0.39087715745,-0.0496467202902,1.15547788143,0.446739256382,0.269752413034,-0.16372269392,-0.837169349194
0.390742570162,-0.0494180358946,1.15479815006,0.451149046421,0.26902654767,-0.162659421563,-0.835243225098
0.390854328871,-0.0491820573807,1.15414023399,0.450125843287,0.267263829708,-0.162674278021,-0.836357593536
0.392883062363,-0.0501392297447,1.15217459202,0.454845368862,0.261677056551,-0.16024300456,-0.836040198803
0.39316624403,-0.0496544055641,1.15137457848,0.455083459616,0.260008126497,-0.16123598814,-0.836240291595
0.393199056387,-0.0490729473531,1.15071809292,0.457812160254,0.259548068047,-0.162311166525,-0.834684312344
0.391656041145,-0.0473164953291,1.15124368668,0.460433006287,0.265672206879,-0.164907202125,-0.830797970295
0.393929719925,-0.04800478369,1.1491959095,0.454091876745,0.256376415491,-0.16311955452,-0.837534427643
0.393929719925,-0.04800478369,1.1491959095,0.454091876745,0.256376415491,-0.16311955452,-0.837534427643
0.392950803041,-0.0453209094703,1.14870321751,0.452951818705,0.259579539299,-0.165809780359,-0.836636424065
0.393363088369,-0.0445155054331,1.1479818821,0.460148960352,0.259663164616,-0.165347546339,-0.832765340805
0.394109725952,-0.0437929369509,1.14704012871,0.456499636173,0.257954269648,-0.165614724159,-0.835248172283
0.394109725952,-0.0437929369509,1.14704012871,0.456499636173,0.257954269648,-0.165614724159,-0.835248172283
0.395410835743,-0.0421344153583,1.1453025341,0.462030231953,0.255520373583,-0.167423471808,-0.832590401173
0.395911961794,-0.0412411056459,1.14456474781,0.463297903538,0.254749715328,-0.168684914708,-0.831867277622
0.395911961794,-0.0412411056459,1.14456474781,0.463297903538,0.254749715328,-0.168684914708,-0.831867277622
0.396665602922,-0.0395262241364,1.14355707169,0.462424695492,0.254695981741,-0.169985935092,-0.832104742527
0.397172152996,-0.0385666228831,1.14307165146,0.467273443937,0.254947245121,-0.170248001814,-0.829260587692
0.397767037153,-0.037409376353,1.14241015911,0.466619759798,0.254988849163,-0.170414924622,-0.829581558704
0.398235976696,-0.0365937948227,1.14197790623,0.46721598506,0.254592210054,-0.170569762588,-0.829335927963
0.398852854967,-0.035925257951,1.1416207552,0.472015380859,0.255736678839,-0.16943089664,-0.826494634151
0.399320363998,-0.0349359065294,1.14121866226,0.4732812047,0.25586476922,-0.169472903013,-0.82572221756
0.399320363998,-0.0349359065294,1.14121866226,0.4732812047,0.25586476922,-0.169472903013,-0.82572221756
0.400527775288,-0.0332952551544,1.14027929306,0.47417318821,0.254498302937,-0.169761061668,-0.825573563576
0.400694400072,-0.0324385128915,1.1401475668,0.474766463041,0.255843609571,-0.169852122664,-0.82479763031
0.401345551014,-0.0318962968886,1.13977849483,0.476354569197,0.256057798862,-0.169505804777,-0.823886215687
0.402327418327,-0.0307241603732,1.13912081718,0.462173640728,0.250884234905,-0.171830698848,-0.833022773266
0.402699589729,-0.030130431056,1.13883173466,0.461935788393,0.251660168171,-0.171977907419,-0.832890331745
0.403439283371,-0.0298246145248,1.13833928108,0.462495535612,0.251315951347,-0.170837625861,-0.832918167114
0.40365794301,-0.0291564688087,1.13810479641,0.460686147213,0.251995265484,-0.171573221684,-0.833564221859
0.404370099306,-0.0287392511964,1.13749551773,0.460987091064,0.251635938883,-0.171434879303,-0.833534896374
0.405290305614,-0.0283737666905,1.13677859306,0.46096149087,0.250826507807,-0.171163916588,-0.833848595619
0.405571341515,-0.0276597067714,1.13631248474,0.461268663406,0.251732587814,-0.17143201828,-0.833350598812
0.406381487846,-0.027265984565,1.13555335999,0.462298333645,0.250747978687,-0.170743077993,-0.833218157291
0.406732261181,-0.026333630085,1.13504981995,0.460916787386,0.251023799181,-0.171218678355,-0.833802759647
0.407940328121,-0.0260345749557,1.13416147232,0.461772620678,0.249194130301,-0.170577213168,-0.834009408951
0.408595204353,-0.0252720862627,1.13347184658,0.463573783636,0.249030038714,-0.170615583658,-0.833050966263
0.409367978573,-0.0243614017963,1.13278126717,0.463353782892,0.248957887292,-0.171183228493,-0.833078444004
0.409480452538,-0.0229419469833,1.13247704506,0.464293301105,0.250353962183,-0.172415420413,-0.831881999969
0.410879194736,-0.0220495425165,1.13145530224,0.462850749493,0.25458458066,-0.171492636204,-0.831592619419
0.410768419504,-0.0224264599383,1.13175177574,0.491392582655,0.25613579154,-0.166800439358,-0.815539956093
0.411288142204,-0.0213109329343,1.1312584877,0.49007037282,0.258135795593,-0.168210059404,-0.815415382385
0.411756724119,-0.0200971625745,1.13065588474,0.491041660309,0.258462667465,-0.16875693202,-0.81461417675
0.411756724119,-0.0200971625745,1.13065588474,0.491041660309,0.258462667465,-0.16875693202,-0.81461417675
0.413726747036,-0.0180540457368,1.12902259827,0.499667197466,0.266520887613,-0.167924717069,-0.806908071041
0.414155334234,-0.016316190362,1.12855303288,0.508603394032,0.266581177711,-0.168616086245,-0.801140367985
0.415224075317,-0.0153824053705,1.12773323059,0.501969099045,0.266932338476,-0.169451862574,-0.805021941662
0.418744206429,-0.0154362879694,1.1254171133,0.44631716609,0.239514246583,-0.157162964344,-0.847781717777
0.418047249317,-0.0125740002841,1.12565660477,0.472400277853,0.254174053669,-0.172197982669,-0.826184868813
0.418945461512,-0.0112188085914,1.12492966652,0.480613917112,0.256638407707,-0.172975122929,-0.820503890514
0.418945461512,-0.0112188085914,1.12492966652,0.480613917112,0.256638407707,-0.172975122929,-0.820503890514
0.421056687832,-0.00853487849236,1.12343978882,0.494998037815,0.257101535797,-0.173151671886,-0.81172311306
0.422201812267,-0.00761684216559,1.1226722002,0.493696302176,0.256534069777,-0.172802954912,-0.812769055367
0.423160284758,-0.00572691112757,1.12193906307,0.492843657732,0.258540064096,-0.174575760961,-0.81227183342
0.42454123497,-0.00448137894273,1.12103581429,0.494876295328,0.258234024048,-0.174312084913,-0.811189115047
0.425590336323,-0.00298464111984,1.12022817135,0.495679497719,0.257545888424,-0.174550428987,-0.810866355896
0.426802098751,-0.00132807344198,1.11932325363,0.506337583065,0.257155328989,-0.174160629511,-0.80446356535
0.428067922592,1.35321170092e-05,1.11837792397,0.506996691227,0.255929917097,-0.174297481775,-0.804409444332
0.429172873497,0.00189554877579,1.11773514748,0.508332073689,0.256383389235,-0.17507623136,-0.803252398968
0.429172873497,0.00189554877579,1.11773514748,0.508332073689,0.256383389235,-0.17507623136,-0.803252398968
0.43463280797,0.00404588133097,1.11446976662,0.439605116844,0.224676653743,-0.16161750257,-0.854486584663
0.435430139303,0.00715905614197,1.11311542988,0.461565315723,0.228279858828,-0.180773004889,-0.837953984737
0.436868369579,0.00881610438228,1.11228656769,0.467760384083,0.229285314679,-0.181012138724,-0.834183990955
0.43838763237,0.0108018284664,1.11164748669,0.477384150028,0.231144353747,-0.18087425828,-0.828227698803
0.439344912767,0.0127753373235,1.11076772213,0.484219968319,0.231779590249,-0.181619405746,-0.823907613754
0.439344912767,0.0127753373235,1.11076772213,0.484219968319,0.231779590249,-0.181619405746,-0.823907613754
0.441661924124,0.01670370996,1.10960066319,0.494488686323,0.240034148097,-0.182396873832,-0.81522756815
0.443903267384,0.0183806568384,1.10850632191,0.486210912466,0.231494575739,-0.182071581483,-0.822714567184
0.443903267384,0.0183806568384,1.10850632191,0.486210912466,0.231494575739,-0.182071581483,-0.822714567184
0.447001338005,0.0220815762877,1.10699534416,0.504861414433,0.236736983061,-0.182094886899,-0.809883952141
0.445175081491,0.021900087595,1.10907518864,0.551597416401,0.255642354488,-0.173330679536,-0.774818480015
0.44640737772,0.0248419623822,1.1082816124,0.553527295589,0.254667043686,-0.174311950803,-0.773542284966
0.448176205158,0.0268103592098,1.10744333267,0.551814079285,0.255709439516,-0.175794199109,-0.774086773396
0.449845731258,0.0287869051099,1.10659897327,0.55549710989,0.251448720694,-0.173077762127,-0.773460149765
0.45145380497,0.0318633131683,1.10630524158,0.557579159737,0.256514340639,-0.174888268113,-0.769883036613
0.453130722046,0.0341302454472,1.1053750515,0.55976909399,0.256282925606,-0.174513250589,-0.76845484972
0.455330967903,0.0354971699417,1.10454344749,0.561746954918,0.253820061684,-0.171773031354,-0.76844638586
0.455330967903,0.0354971699417,1.10454344749,0.561746954918,0.253820061684,-0.171773031354,-0.76844638586
0.458709925413,0.0411370843649,1.10345089436,0.567348182201,0.256812214851,-0.171458825469,-0.763390719891
0.460972160101,0.0425460748374,1.10250794888,0.567464053631,0.253337591887,-0.169102475047,-0.764989495277
0.462997734547,0.045065805316,1.10180711746,0.56940215826,0.253996789455,-0.168298780918,-0.763506650925
0.464566916227,0.0480955392122,1.10138761997,0.575408518314,0.254419326782,-0.166405677795,-0.759266138077
0.464566916227,0.0480955392122,1.10138761997,0.575408518314,0.254419326782,-0.166405677795,-0.759266138077
0.468736231327,0.052298091352,1.09972059727,0.579110503197,0.253163814545,-0.162468090653,-0.757722377777
0.470994472504,0.0547749176621,1.09906411171,0.580970823765,0.25369772315,-0.161184847355,-0.756392657757
0.472784399986,0.0579579509795,1.09851574898,0.583178222179,0.255716890097,-0.160029947758,-0.754256248474
0.474347770214,0.0616728179157,1.09812927246,0.585592508316,0.258397519588,-0.1593760252,-0.751605927944
0.476790964603,0.0639920011163,1.09714102745,0.587009847164,0.257290333509,-0.157648026943,-0.751244485378
0.478645145893,0.0671334341168,1.09699261189,0.589155077934,0.259175747633,-0.155742779374,-0.749311864376
0.48097205162,0.0699044764042,1.09656357765,0.591186523438,0.25885823369,-0.153550669551,-0.748273432255
0.483617603779,0.0722910910845,1.09541070461,0.593530356884,0.266387909651,-0.150447547436,-0.744395554066
0.485738575459,0.0750800669193,1.09483909607,0.594955503941,0.266808986664,-0.148864299059,-0.743424832821
0.487916767597,0.0779279693961,1.09434425831,0.598344862461,0.266364663839,-0.147192373872,-0.741193413734
0.490321695805,0.0806826353073,1.09393835068,0.596655189991,0.267009288073,-0.144999623299,-0.742754220963
0.492513000965,0.0835279375315,1.09330558777,0.599309623241,0.266126126051,-0.142935544252,-0.741332888603
0.494725108147,0.0865880548954,1.09276652336,0.596576750278,0.267146974802,-0.140639305115,-0.743605613708
0.496620327234,0.0900668054819,1.09291327,0.593026518822,0.268791466951,-0.138621032238,-0.746227145195
0.499198377132,0.0932958573103,1.09207928181,0.598145663738,0.269051939249,-0.13648250699,-0.742432177067
0.50161921978,0.0962121263146,1.09168851376,0.593071341515,0.269658625126,-0.133432030678,-0.746824264526
0.505350232124,0.0949977487326,1.09036326408,0.49775415659,0.236407771707,-0.117608807981,-0.826147913933
0.508980751038,0.101863279939,1.0900144577,0.549004137516,0.2503516078,-0.129392653704,-0.786877453327
0.511126875877,0.105180546641,1.09001672268,0.55635279417,0.255318820477,-0.126902908087,-0.780499577522
0.510629236698,0.106026530266,1.09056997299,0.599029660225,0.262529343367,-0.12010704726,-0.746870875359
0.51354265213,0.108908645809,1.09011411667,0.599780261517,0.270599603653,-0.115239016712,-0.744150102139
0.515980362892,0.112036138773,1.08989059925,0.59781473875,0.27054426074,-0.112773880363,-0.746127009392
0.515980362892,0.112036138773,1.08989059925,0.59781473875,0.27054426074,-0.112773880363,-0.746127009392
0.520982027054,0.11760649085,1.08928370476,0.604047954082,0.269681841135,-0.106366425753,-0.74235033989
0.523081362247,0.121430568397,1.08935475349,0.605680346489,0.271781802177,-0.103969857097,-0.740591883659
0.525728940964,0.123707063496,1.0884231329,0.600146830082,0.270020246506,-0.10131817311,-0.746088206768
0.52809792757,0.126332193613,1.08818566799,0.598113715649,0.270045638084,-0.097067065537,-0.748273670673
0.52809792757,0.126332193613,1.08818566799,0.598113715649,0.270045638084,-0.097067065537,-0.748273670673
0.533238530159,0.131147533655,1.0874632597,0.600423336029,0.269201666117,-0.088326446712,-0.747810602188
0.536018073559,0.129870653152,1.08598148823,0.514562487602,0.24479560554,-0.0727427974343,-0.818540811539
0.536018073559,0.129870653152,1.08598148823,0.514562487602,0.24479560554,-0.0727427974343,-0.818540811539
0.542890548706,0.139883026481,1.08642053604,0.567148149014,0.258281767368,-0.0805574208498,-0.77791005373
0.545176327229,0.143750861287,1.08660757542,0.570102274418,0.261247754097,-0.0784476399422,-0.774970412254
0.548286795616,0.145065948367,1.08580374718,0.572415590286,0.258655250072,-0.0733909755945,-0.774629950523
0.550503492355,0.149302959442,1.08623564243,0.574204802513,0.263945966959,-0.0721011683345,-0.771636486053
0.552835404873,0.152162328362,1.0861890316,0.575648128986,0.265694916248,-0.0679623708129,-0.770335435867
0.555226922035,0.154761701822,1.08602976799,0.577503323555,0.267059415579,-0.0636488422751,-0.768842041492
0.557961821556,0.157026737928,1.08583533764,0.555497705936,0.255844116211,-0.0566287115216,-0.789151072502
0.561305582523,0.157976835966,1.08506846428,0.562226295471,0.253193080425,-0.0502218082547,-0.785667061806
0.562538087368,0.160985171795,1.08512353897,0.59986782074,0.27125877142,-0.0468823648989,-0.751251757145
0.565198898315,0.163254648447,1.08495557308,0.590707302094,0.268851041794,-0.0421091169119,-0.759612381458
0.567767322063,0.16534537077,1.08467900753,0.579822301865,0.266524493694,-0.0376598387957,-0.768994450569
0.569298386574,0.163874462247,1.08317029476,0.454705417156,0.244997382164,-0.0228815618902,-0.855976462364
0.573391437531,0.170895397663,1.08466351032,0.52966272831,0.253438144922,-0.0316050462425,-0.808843374252
0.576031088829,0.173466265202,1.08462023735,0.538340806961,0.255361646414,-0.0276415143162,-0.8026304245
0.576031088829,0.173466265202,1.08462023735,0.538340806961,0.255361646414,-0.0276415143162,-0.8026304245
0.583023250103,0.177737802267,1.08412492275,0.519036233425,0.240160420537,-0.0182512365282,-0.820116639137
0.583023250103,0.177737802267,1.08412492275,0.519036233425,0.240160420537,-0.0182512365282,-0.820116639137
0.58200019598,0.178698688745,1.08267438412,0.623882949352,0.255948007107,-0.00242628715932,-0.73841381073
0.585610687733,0.180728673935,1.08236396313,0.625172913074,0.257601082325,0.00265844142996,-0.736745119095
0.587529718876,0.182476788759,1.08202195168,0.624121308327,0.250876277685,0.00486134877428,-0.739939332008
0.591034710407,0.184183001518,1.08162760735,0.625657916069,0.247611135244,0.0083353864029,-0.739710450172
0.591034710407,0.184183001518,1.08162760735,0.625657916069,0.247611135244,0.0083353864029,-0.739710450172
0.596745967865,0.187545463443,1.08083081245,0.628265738487,0.241358175874,0.0145616084337,-0.739470303059
0.599506080151,0.189659669995,1.08056342602,0.627110481262,0.239506915212,0.0170811656862,-0.740997374058
0.602164030075,0.191271483898,1.08006799221,0.627427220345,0.23681858182,0.020564801991,-0.741504609585
0.604354739189,0.193089693785,1.07987892628,0.63011687994,0.236050978303,0.0244749132544,-0.739346802235
0.606912255287,0.194593250751,1.07951843739,0.629669487476,0.234279364347,0.028866795823,-0.740132510662
0.60914093256,0.196260750294,1.07930874825,0.628025710583,0.232768878341,0.0332145020366,-0.741821348667
0.611591875553,0.19786156714,1.07894670963,0.628662467003,0.231228545308,0.037560120225,-0.741556465626
0.613001167774,0.199784010649,1.07882559299,0.62925028801,0.231995597482,0.0418043807149,-0.740590810776
0.617256343365,0.200452685356,1.07829117775,0.630657315254,0.227064937353,0.0475413352251,-0.740575969219
0.619454979897,0.201797902584,1.07806372643,0.627494096756,0.225814133883,0.0522419065237,-0.743323564529
0.61930423975,0.20425093174,1.07821643353,0.626433908939,0.229716420174,0.0559740327299,-0.742750227451
0.622091829777,0.205723464489,1.07824480534,0.623515605927,0.232224658132,0.0618101507425,-0.743962049484
0.622091829777,0.205723464489,1.07824480534,0.623515605927,0.232224658132,0.0618101507425,-0.743962049484
0.625736296177,0.208210319281,1.0778580904,0.622716248035,0.226225137711,0.0709500536323,-0.745662629604
0.627393305302,0.209567666054,1.0778273344,0.623489975929,0.226401090622,0.0765522867441,-0.744407474995
0.629143059254,0.210707351565,1.07772803307,0.621185064316,0.225907936692,0.0821896344423,-0.745881795883
0.630701601505,0.211804836988,1.07755994797,0.620165586472,0.225136756897,0.0882858783007,-0.74626660347
0.632305681705,0.213319137692,1.07735073566,0.621049046516,0.224893689156,0.0933794081211,-0.744984090328
0.633983433247,0.21450600028,1.07729279995,0.614830493927,0.227791011333,0.100584447384,-0.748316526413
0.636456668377,0.214732915163,1.07680988312,0.620006203651,0.220520377159,0.105422154069,-0.745553076267
0.637809813023,0.215736880898,1.0767313242,0.618077397346,0.220189958811,0.11096008867,-0.746448040009
0.638997912407,0.216725707054,1.07646584511,0.6170181036,0.219791322947,0.116358928382,-0.746619820595
0.640555679798,0.217735767365,1.07636547089,0.607324182987,0.223583593965,0.123222202063,-0.752319276333
0.641774117947,0.218796491623,1.076182127,0.602027118206,0.223510548472,0.128862708807,-0.755645871162
0.641530394554,0.220095202327,1.07602393627,0.612744987011,0.219913467765,0.13229162991,-0.747449338436
0.642289102077,0.220829844475,1.07583844662,0.611717402935,0.219163447618,0.138622775674,-0.747364163399
0.64323168993,0.221625253558,1.07552790642,0.61001688242,0.218356207013,0.14458437264,-0.747860610485
0.644505858421,0.222344666719,1.07528710365,0.592399358749,0.21775072813,0.151114910841,-0.760796964169
0.644824922085,0.22347459197,1.07512640953,0.592036664486,0.218598201871,0.157125279307,-0.759617745876
0.644824922085,0.22347459197,1.07512640953,0.592036664486,0.218598201871,0.157125279307,-0.759617745876
0.64609181881,0.225153431296,1.07462406158,0.591907799244,0.218505546451,0.169452428818,-0.757090687752
0.646653234959,0.226011931896,1.07414162159,0.590767502785,0.218474879861,0.174616277218,-0.756816864014
0.646823763847,0.226745441556,1.07417047024,0.589721500874,0.218867957592,0.180917710066,-0.756038486958
0.647343993187,0.227252140641,1.07387375832,0.587612569332,0.218568667769,0.186266422272,-0.756468117237
0.647862613201,0.227915525436,1.07352495193,0.58342397213,0.218054905534,0.191448494792,-0.758561968803
0.648186206818,0.228803873062,1.07317745686,0.582330465317,0.217901960015,0.196680784225,-0.758107304573
0.650286078453,0.228820204735,1.07279288769,0.573593080044,0.217646896839,0.203080430627,-0.763137698174
0.649749875069,0.230252236128,1.07265496254,0.572513878345,0.21925021708,0.208792328835,-0.761946797371
0.649749875069,0.230252236128,1.07265496254,0.572513878345,0.21925021708,0.208792328835,-0.761946797371
0.650056064129,0.230847656727,1.07162797451,0.575975298882,0.215365886688,0.22112365067,-0.756950736046
0.650062143803,0.231394737959,1.07130515575,0.575313091278,0.214930683374,0.227966919541,-0.755546569824
0.649109780788,0.232834637165,1.07124197483,0.573694884777,0.217895418406,0.233525231481,-0.75422924757
0.64908438921,0.23335583508,1.07088339329,0.572230935097,0.217532590032,0.23906417191,-0.753710567951
0.650363028049,0.233067154884,1.0699917078,0.570635259151,0.214226692915,0.244349315763,-0.75417226553
0.649656295776,0.23435164988,1.06984436512,0.568969845772,0.215952530503,0.249251931906,-0.753333449364
0.649637758732,0.234847322106,1.06932485104,0.564538419247,0.215670883656,0.254358202219,-0.755039334297
0.649809420109,0.236253812909,1.06868839264,0.564562916756,0.215624660254,0.258268028498,-0.753705739975
0.649401605129,0.235959678888,1.06843852997,0.560267388821,0.214743793011,0.265146642923,-0.754773378372
0.649442911148,0.236337900162,1.06793117523,0.556300461292,0.214813351631,0.270908117294,-0.755641281605
0.649442911148,0.236337900162,1.06793117523,0.556300461292,0.214813351631,0.270908117294,-0.755641281605
0.649190306664,0.237002253532,1.06761705875,0.554837584496,0.21466396749,0.276671171188,-0.754670679569
0.648776531219,0.238180994987,1.06687188148,0.551097929478,0.214833036065,0.287929624319,-0.753149747849
0.648946642876,0.23836325109,1.06635344028,0.547629117966,0.214877188206,0.292942523956,-0.753733932972
0.648946642876,0.23836325109,1.06635344028,0.547629117966,0.214877188206,0.292942523956,-0.753733932972
0.648344755173,0.239858597517,1.06575107574,0.54525488615,0.215934753418,0.30270370841,-0.75129199028
0.648109734058,0.240652248263,1.06531739235,0.542954981327,0.21662376821,0.306838482618,-0.751082062721
0.648109734058,0.240652248263,1.06531739235,0.542954981327,0.21662376821,0.306838482618,-0.751082062721
0.645922958851,0.242998987436,1.06454563141,0.53587949276,0.22091922164,0.314800441265,-0.751617372036
0.646451413631,0.242785811424,1.06410717964,0.533571302891,0.219592347741,0.319760471582,-0.751554608345
0.644845306873,0.244238525629,1.06402039528,0.530364990234,0.222460359335,0.323856055737,-0.751226782799
0.644845306873,0.244238525629,1.06402039528,0.530364990234,0.222460359335,0.323856055737,-0.751226782799
0.644681990147,0.244873136282,1.06290256977,0.52800899744,0.221715867519,0.332298249006,-0.749417424202
0.642928242683,0.246551588178,1.06274473667,0.527849018574,0.225117057562,0.336302727461,-0.746724963188
0.643632829189,0.246897310019,1.06201612949,0.528185427189,0.222936302423,0.339146643877,-0.745854735374
0.642999887466,0.246991187334,1.06144833565,0.525492429733,0.22352398932,0.343173891306,-0.74573880434
0.642497777939,0.247544512153,1.06104660034,0.524203777313,0.22407437861,0.346346527338,-0.745013654232
0.641686916351,0.24823179841,1.06040155888,0.523817777634,0.224239557981,0.349776834249,-0.743631482124
0.641136884689,0.248646333814,1.05995726585,0.522487044334,0.224649176002,0.352899849415,-0.742968261242
0.640532135963,0.248860061169,1.05908834934,0.519828259945,0.224742785096,0.355829507113,-0.743407428265
0.639828562737,0.249391913414,1.05865597725,0.517616868019,0.225169867277,0.358918637037,-0.743336319923
0.637832939625,0.250796228647,1.05859482288,0.517498791218,0.228151082993,0.36262384057,-0.740706503391
0.638257086277,0.250384032726,1.05762147903,0.514946341515,0.225940480828,0.364998906851,-0.741995334625
0.637736201286,0.250959962606,1.05680203438,0.514077782631,0.225807636976,0.367330044508,-0.741487443447
0.636383414268,0.252039790154,1.05631840229,0.511635243893,0.228145435452,0.369582235813,-0.741342127323
0.635782182217,0.252312958241,1.05551958084,0.510908544064,0.228103742003,0.371563345194,-0.740865588188
0.635981976986,0.252658993006,1.0544962883,0.510539889336,0.226275146008,0.372764617205,-0.741077005863
0.63472032547,0.253683805466,1.05375730991,0.51054340601,0.227655544877,0.374497652054,-0.739777088165
0.634174585342,0.254140853882,1.05305397511,0.508776962757,0.22771474719,0.37603110075,-0.740197718143
0.633309185505,0.254947066307,1.05253994465,0.508974790573,0.228133305907,0.377724349499,-0.739069879055
0.633709669113,0.254637509584,1.05137467384,0.508649647236,0.225381746888,0.378747314215,-0.739614069462
0.633709669113,0.254637509584,1.05137467384,0.508649647236,0.225381746888,0.378747314215,-0.739614069462
0.631735265255,0.256438672543,1.04984509945,0.506246030331,0.227508813143,0.380675584078,-0.739622175694
0.632166385651,0.255749285221,1.04851472378,0.506227850914,0.224474191666,0.38155272603,-0.740109682083
0.631496787071,0.256370663643,1.04744708538,0.50462269783,0.224940791726,0.382093787193,-0.740784704685
0.630062162876,0.257667660713,1.04672646523,0.504183650017,0.227275565267,0.383097678423,-0.739851891994
0.629330992699,0.258367389441,1.04586195946,0.503793478012,0.228263989091,0.383632838726,-0.739536106586
0.628456294537,0.259076148272,1.04526686668,0.504811644554,0.228974655271,0.384920686483,-0.737951159477
0.628456294537,0.259076148272,1.04526686668,0.504811644554,0.228974655271,0.384920686483,-0.737951159477
0.627202033997,0.260452777147,1.04335284233,0.504674017429,0.230687454343,0.38582906127,-0.73703700304
0.626450061798,0.260510027409,1.04217708111,0.503342211246,0.230831578374,0.386478602886,-0.737562060356
0.626450061798,0.260510027409,1.04217708111,0.503342211246,0.230831578374,0.386478602886,-0.737562060356
0.624922931194,0.262345552444,1.04116868973,0.505094110966,0.234085023403,0.386800229549,-0.735166430473
0.625067710876,0.26211899519,1.04016590118,0.503706932068,0.233090862632,0.386875480413,-0.736393511295
0.624527752399,0.262511193752,1.03937602043,0.50309240818,0.234181255102,0.386944651604,-0.73643130064
0.623921394348,0.263203382492,1.03867173195,0.503616154194,0.235208109021,0.386661708355,-0.735894441605
0.622271299362,0.26454102993,1.03806948662,0.500512599945,0.239472955465,0.386445790529,-0.736749351025
0.62246710062,0.264179050922,1.03722941875,0.50134241581,0.237850174308,0.386785894632,-0.736532330513
0.620886445045,0.265406548977,1.03652191162,0.499783009291,0.241448923945,0.387302845716,-0.736149430275
0.620804429054,0.264954507351,1.03598344326,0.499862879515,0.240618765354,0.388438820839,-0.735768437386
0.619947075844,0.265441030264,1.03545987606,0.498847067356,0.242387190461,0.389479130507,-0.7353271842
0.619131505489,0.265713393688,1.03491532803,0.498762965202,0.243937075138,0.389937013388,-0.734628736973
0.617116868496,0.266747325659,1.03466534615,0.496980637312,0.247859299183,0.391153931618,-0.733876407146
0.617473304272,0.266304194927,1.03376352787,0.49732029438,0.246538370848,0.391887396574,-0.733700037003
0.617473304272,0.266304194927,1.03376352787,0.49732029438,0.246538370848,0.391887396574,-0.733700037003
0.615169107914,0.267243206501,1.03273713589,0.494932830334,0.251097470522,0.393472313881,-0.732919692993
0.614422738552,0.267733007669,1.0321791172,0.493540078402,0.252966284752,0.393772900105,-0.733054757118
0.613720297813,0.26785209775,1.03179681301,0.493934959173,0.25384709239,0.393801063299,-0.73246884346
0.61381727457,0.267528057098,1.03138041496,0.493970394135,0.253274410963,0.395065963268,-0.731961965561
0.613350391388,0.267775297165,1.030777812,0.492619633675,0.255268901587,0.394908279181,-0.732264459133
0.612987279892,0.267814606428,1.03018450737,0.491729140282,0.256230652332,0.394951105118,-0.732503890991
0.612292826176,0.268063753843,1.02988409996,0.493158370256,0.256489157677,0.394815564156,-0.73152500391
0.611763298512,0.268208563328,1.02951920033,0.491827905178,0.258512616158,0.395629197359,-0.731269001961
0.610940873623,0.268464028835,1.02948892117,0.492205828428,0.259936928749,0.396361202002,-0.730112433434
0.61042791605,0.268767148256,1.02916300297,0.492053419352,0.261148273945,0.396438598633,-0.729740738869
0.61042791605,0.268767148256,1.02916300297,0.492053419352,0.261148273945,0.396438598633,-0.729740738869
0.6083304286,0.269836425781,1.02868068218,0.491538047791,0.264531701803,0.397260010242,-0.728421509266
0.607814669609,0.26993444562,1.0282728672,0.489670842886,0.265669196844,0.397486120462,-0.729141414165
0.607410728931,0.270009636879,1.02787864208,0.489105552435,0.266162753105,0.397576808929,-0.729291379452
0.606865167618,0.270263493061,1.02758800983,0.489016592503,0.266902655363,0.397787809372,-0.728965401649
0.606474876404,0.270137995481,1.02736675739,0.488012045622,0.267555862665,0.398123294115,-0.729216039181
0.606085300446,0.270361483097,1.02700185776,0.488488763571,0.268491268158,0.398122549057,-0.728553175926
0.605612456799,0.270482093096,1.02665507793,0.489052653313,0.268802911043,0.398480921984,-0.727863609791
0.605368673801,0.270213186741,1.02616000175,0.489099681377,0.268449723721,0.39896440506,-0.727697491646
0.604923009872,0.27031314373,1.02589285374,0.488815486431,0.269086897373,0.399313569069,-0.727461636066
0.60432857275,0.270505100489,1.0256639719,0.488782733679,0.269872397184,0.399996429682,-0.726817190647
0.604456067085,0.270206570625,1.0253123045,0.48918402195,0.269123017788,0.400438338518,-0.726581692696
0.603662610054,0.27013990283,1.02517080307,0.488680511713,0.269404560328,0.401568233967,-0.726192593575
0.601985216141,0.270990908146,1.02532613277,0.487820655107,0.272743433714,0.402377963066,-0.725075244904
0.601285457611,0.271087110043,1.02524197102,0.487966090441,0.273388773203,0.403072983027,-0.724347889423
0.600744307041,0.271339148283,1.02508842945,0.489141255617,0.273705840111,0.403458654881,-0.723219931126
0.600229144096,0.271546304226,1.02496182919,0.489502757788,0.27422234416,0.403773993254,-0.722603559494
0.599865019321,0.271620005369,1.02474486828,0.489160954952,0.275404006243,0.403790652752,-0.722376286983
0.600344777107,0.270970672369,1.02430284023,0.490146934986,0.273182928562,0.404165476561,-0.722341537476
0.598699331284,0.271870434284,1.02460336685,0.489690750837,0.275741904974,0.405062824488,-0.721175193787
0.59807664156,0.271865844727,1.02467691898,0.488030552864,0.27755817771,0.405609816313,-0.721296370029
0.597497045994,0.271962046623,1.02474367619,0.488434284925,0.277954161167,0.406063467264,-0.72061496973
0.596868157387,0.272116929293,1.02476274967,0.488082170486,0.278866827488,0.406443715096,-0.720286488533
0.596328139305,0.272310912609,1.02489590645,0.487717151642,0.279938101768,0.406559616327,-0.720052778721
0.596019566059,0.272148877382,1.02491915226,0.486916542053,0.280326366425,0.40677729249,-0.72032058239
0.595449149609,0.272329509258,1.02510333061,0.486383855343,0.281209439039,0.406798481941,-0.720324218273
0.594952106476,0.272494733334,1.0252456665,0.486257344484,0.282299846411,0.40708899498,-0.71981883049
0.594294190407,0.272647291422,1.025390625,0.486808419228,0.282045841217,0.407730519772,-0.719182610512
0.593417882919,0.273134529591,1.02565193176,0.487373203039,0.283777236938,0.406884044409,-0.718598127365
0.593865811825,0.272572100163,1.0255241394,0.486659228802,0.282262593508,0.408038586378,-0.719023764133
0.593865811825,0.272572100163,1.0255241394,0.486659228802,0.282262593508,0.408038586378,-0.719023764133
0.592431485653,0.272649079561,1.02609610558,0.485413074493,0.284924179316,0.408214300871,-0.718716561794
0.590737640858,0.27351051569,1.02669727802,0.483930855989,0.288785427809,0.408893853426,-0.717788100243
0.590250730515,0.273361235857,1.02679085732,0.48358336091,0.289207100868,0.409496247768,-0.71750921011
0.58951151371,0.273556768894,1.0270357132,0.482811927795,0.290649622679,0.409798771143,-0.717272996902
0.589033663273,0.273655235767,1.02721261978,0.48250541091,0.291435033083,0.409998089075,-0.717046558857
0.588599085808,0.273761361837,1.027354002,0.48184555769,0.292423456907,0.409846544266,-0.717174530029
0.588015496731,0.274106383324,1.02771031857,0.481297552586,0.293833404779,0.409712761641,-0.71704262495
0.587601304054,0.274212777615,1.02780854702,0.480436831713,0.294648766518,0.409592986107,-0.717353582382
0.588248074055,0.27355659008,1.02765977383,0.480584174395,0.292627334595,0.409395188093,-0.718194723129
0.586662709713,0.274430960417,1.02832317352,0.479562312365,0.296016842127,0.409732967615,-0.717295646667
0.586085438728,0.274567484856,1.0286449194,0.478007376194,0.297381162643,0.410155832767,-0.717527449131
0.58549040556,0.274664759636,1.02896893024,0.476972252131,0.298300385475,0.410758525133,-0.717489957809
0.585278749466,0.274465203285,1.02910363674,0.476229995489,0.298690676689,0.411059230566,-0.71764844656
0.584846436977,0.274490177631,1.02937114239,0.475689023733,0.299129605293,0.411329895258,-0.717669248581
0.584555804729,0.274560183287,1.02956616879,0.474846661091,0.29964157939,0.411225557327,-0.718073248863
0.584247112274,0.274618506432,1.02979958057,0.474006474018,0.29997998476,0.411145329475,-0.718532860279
0.583983123302,0.274579435587,1.03004646301,0.473825216293,0.299989461899,0.411085247993,-0.718682825565
0.583740532398,0.274580359459,1.03029048443,0.473852932453,0.300056129694,0.411104232073,-0.718625843525
0.583054125309,0.274893671274,1.03068399429,0.473397314548,0.301314890385,0.411172091961,-0.718360543251
0.582721889019,0.274910926819,1.03097486496,0.472836494446,0.301814943552,0.411174535751,-0.718518614769
0.582254648209,0.27494931221,1.03129148483,0.471142143011,0.303225785494,0.411218941212,-0.719012022018
0.582062005997,0.274706035852,1.031509161,0.470349878073,0.303127497435,0.411792039871,-0.71924418211
0.58160763979,0.274731993675,1.03186500072,0.469482332468,0.304081201553,0.412151277065,-0.719202578068
0.58160763979,0.274731993675,1.03186500072,0.469482332468,0.304081201553,0.412151277065,-0.719202578068
0.580791115761,0.274627268314,1.03258216381,0.467578023672,0.305955946445,0.412795305252,-0.719278693199
0.580301582813,0.274911433458,1.03306341171,0.467197090387,0.307306200266,0.412944823503,-0.718864619732
0.579891860485,0.274895846844,1.03339314461,0.466708064079,0.308003783226,0.413393735886,-0.718625664711
0.580639123917,0.27402061224,1.03330099583,0.466763526201,0.30570691824,0.413731664419,-0.719375610352
0.580310165882,0.273959428072,1.03359282017,0.466428697109,0.306071966887,0.414127081633,-0.719210028648
0.578869760036,0.27471280098,1.03427410126,0.465339630842,0.309223145247,0.414792209864,-0.718183517456
0.578869760036,0.27471280098,1.03427410126,0.465339630842,0.309223145247,0.414792209864,-0.718183517456
0.578050076962,0.274169683456,1.03513717651,0.464171797037,0.310161888599,0.416500717402,-0.717545390129
0.577672421932,0.274138599634,1.03550076485,0.463792443275,0.310677111149,0.416984081268,-0.717287123203
0.577262282372,0.274100124836,1.03585255146,0.463761866093,0.311003744602,0.417477428913,-0.716878175735
0.577700555325,0.27360701561,1.03595840931,0.46402490139,0.309663563967,0.417603194714,-0.717214763165
0.577295064926,0.273554563522,1.03634190559,0.462379932404,0.310711830854,0.417910128832,-0.717644929886
0.576929092407,0.273500025272,1.03667128086,0.461845695972,0.311221569777,0.418245822191,-0.717572391033
0.576469361782,0.273341566324,1.03703141212,0.461017876863,0.310776621103,0.419434309006,-0.717603862286
0.575202047825,0.273659497499,1.03765022755,0.459589004517,0.313307970762,0.420123577118,-0.717016279697
0.57482945919,0.273538738489,1.03796958923,0.459034740925,0.31378147006,0.420582950115,-0.716894984245
0.573991537094,0.273790419102,1.03858065605,0.458951711655,0.315618574619,0.420979231596,-0.715908408165
0.573793768883,0.273475766182,1.03880596161,0.45719948411,0.316084861755,0.42119410634,-0.716696918011
0.573468267918,0.273362129927,1.03906059265,0.45668554306,0.316276818514,0.421650469303,-0.716671645641
0.57309615612,0.273225784302,1.03943276405,0.455976396799,0.316731065512,0.422136247158,-0.716636657715
0.572707056999,0.273063898087,1.03988623619,0.455244451761,0.317329913378,0.422635227442,-0.716542959213
0.572253167629,0.272896379232,1.04040694237,0.454440355301,0.318060785532,0.423142850399,-0.716429710388
0.572253167629,0.272896379232,1.04040694237,0.454440355301,0.318060785532,0.423142850399,-0.716429710388
0.571593761444,0.272524267435,1.04106974602,0.452637344599,0.317980706692,0.424130916595,-0.717022120953
0.571253359318,0.272378146648,1.04146385193,0.451898366213,0.318438768387,0.42436248064,-0.717148005962
0.570941090584,0.272281706333,1.04187226295,0.452124685049,0.318693310022,0.424046337605,-0.717079281807
0.571432232857,0.271777629852,1.04201030731,0.451525688171,0.318045765162,0.423573404551,-0.718023002148
0.571159958839,0.271578550339,1.04248046875,0.449612826109,0.319119989872,0.424052506685,-0.718463718891
0.570872366428,0.271422535181,1.04291152954,0.448349326849,0.319547712803,0.424471467733,-0.718815743923
0.570539593697,0.271420419216,1.04322576523,0.44797500968,0.319707393646,0.425036877394,-0.718644022942
0.569478988647,0.271739423275,1.04402136803,0.446450829506,0.321915090084,0.425955206156,-0.718062996864
0.569268643856,0.271621912718,1.04386758804,0.44542530179,0.321864634752,0.426183134317,-0.718587219715
0.568763971329,0.271820247173,1.04473042488,0.445735484362,0.322673976421,0.426985412836,-0.717554867268
0.569580733776,0.270766973495,1.04522871971,0.446080029011,0.319166153669,0.428294539452,-0.71812915802
0.569405317307,0.270502775908,1.04565954208,0.445567637682,0.318922936916,0.429234236479,-0.717994213104
0.569241285324,0.270504057407,1.04569578171,0.445535391569,0.319104582071,0.429276376963,-0.717908382416
0.569031238556,0.270381122828,1.04620981216,0.445641934872,0.319153189659,0.430061042309,-0.717350780964
0.568914830685,0.270252585411,1.04653728008,0.4454639256,0.319257289171,0.43062248826,-0.717078149319
0.567765235901,0.270881444216,1.04688429832,0.443928778172,0.322059810162,0.430853545666,-0.716638028622
0.567765235901,0.270881444216,1.04688429832,0.443928778172,0.322059810162,0.430853545666,-0.716638028622
0.56778883934,0.270154356956,1.04759502411,0.44199898839,0.321999818087,0.432251602411,-0.71701580286
0.568510115147,0.269556075335,1.04790794849,0.442167848349,0.32071569562,0.432423979044,-0.717383146286
0.56847178936,0.269342213869,1.0479837656,0.441214174032,0.320960491896,0.432480961084,-0.71782630682
0.567347824574,0.269885420799,1.04885697365,0.44015493989,0.323878318071,0.433051288128,-0.716821491718
0.56717145443,0.269723534584,1.04977881908,0.440665692091,0.324261367321,0.433819413185,-0.715869367123
0.567148625851,0.269578665495,1.05010652542,0.440519750118,0.324408233166,0.434035211802,-0.715761840343
0.567101597786,0.269324749708,1.05053675175,0.440441131592,0.324501097202,0.434541940689,-0.715460777283
0.5670388937,0.269307136536,1.05082464218,0.441294759512,0.324828058481,0.435184985399,-0.714394748211
0.568320870399,0.268265962601,1.05066037178,0.441663175821,0.322094470263,0.435063153505,-0.715478003025
0.568351864815,0.268036901951,1.05101418495,0.442610144615,0.321732193232,0.435411959887,-0.714843392372
0.568443655968,0.267858207226,1.05079746246,0.442075759172,0.321624428034,0.43518564105,-0.715360164642
0.568443655968,0.267858207226,1.05079746246,0.442075759172,0.321624428034,0.43518564105,-0.715360164642
0.567440867424,0.267862707376,1.05241644382,0.44194072485,0.323379486799,0.436029374599,-0.714137673378
0.567440867424,0.267862707376,1.05241644382,0.44194072485,0.323379486799,0.436029374599,-0.714137673378
0.567500948906,0.267357200384,1.05301177502,0.440852284431,0.324342936277,0.436636686325,-0.714002370834
0.567632734776,0.26712718606,1.05321216583,0.44085675478,0.324138015509,0.436681807041,-0.714065015316
0.567792713642,0.266736805439,1.05344164371,0.44105309248,0.323477268219,0.436394989491,-0.714418768883
0.567990660667,0.266571819782,1.05313003063,0.442249685526,0.322064101696,0.435979217291,-0.714571356773
0.567990660667,0.266571819782,1.05313003063,0.442249685526,0.322064101696,0.435979217291,-0.714571356773
0.56825274229,0.26598906517,1.0539034605,0.442737668753,0.322559267282,0.436834365129,-0.713522672653
0.56832242012,0.265672951937,1.05427718163,0.443124622107,0.322272956371,0.437196433544,-0.71319013834
0.56847345829,0.26544636488,1.0541613102,0.443027019501,0.321954667568,0.437137782574,-0.713430345058
0.568734169006,0.264995366335,1.05468261242,0.444012701511,0.321167886257,0.437552571297,-0.712917625904
0.568835556507,0.264748781919,1.054864645,0.445667058229,0.320175021887,0.437946170568,-0.712090015411
0.568911135197,0.264642655849,1.0550442934,0.44627648592,0.319830387831,0.438164263964,-0.711728990078
0.56904321909,0.264319062233,1.05526256561,0.445453435183,0.31976428628,0.438166975975,-0.712272286415
0.5691806674,0.263948500156,1.05547297001,0.444997161627,0.319609224796,0.438062697649,-0.712691128254
0.5691806674,0.263948500156,1.05547297001,0.444997161627,0.319609224796,0.438062697649,-0.712691128254
0.569329321384,0.263557046652,1.05581498146,0.44505161047,0.318454116583,0.437386155128,-0.713589072227
0.569329321384,0.263557046652,1.05581498146,0.44505161047,0.318454116583,0.437386155128,-0.713589072227
0.569560527802,0.263174623251,1.05566334724,0.443982809782,0.318822681904,0.437160491943,-0.714228391647
0.569580793381,0.263019621372,1.05644738674,0.444626420736,0.318823963404,0.437622249126,-0.713544249535
0.569671690464,0.262916624546,1.05665123463,0.444585114717,0.318701297045,0.437566518784,-0.713659107685
0.569763898849,0.262735188007,1.05688762665,0.444414556026,0.318533658981,0.437624841928,-0.713804244995
0.569870352745,0.262567341328,1.05717158318,0.443913251162,0.318432539701,0.437765002251,-0.714075386524
0.56999361515,0.262469470501,1.05734527111,0.443916887045,0.31815636158,0.437853902578,-0.714141666889
0.570768773556,0.262024670839,1.05733847618,0.444458842278,0.316457748413,0.437789618969,-0.714598596096
0.571144580841,0.261651754379,1.05724394321,0.4438572824,0.315415561199,0.437298297882,-0.715733230114
0.571196436882,0.26153793931,1.05768620968,0.444135665894,0.315146654844,0.437573194504,-0.715510845184
0.571301519871,0.261424928904,1.057954669,0.44422391057,0.314764797688,0.437654227018,-0.715574622154
0.571301519871,0.261424928904,1.057954669,0.44422391057,0.314764797688,0.437654227018,-0.715574622154
0.571382820606,0.261267453432,1.05821144581,0.444970875978,0.314078778028,0.437963008881,-0.715223133564
0.571613252163,0.261153101921,1.05867290497,0.445496350527,0.313270241022,0.43802306056,-0.71521371603
0.571613252163,0.261153101921,1.05867290497,0.445496350527,0.313270241022,0.43802306056,-0.71521371603
0.571915626526,0.260751783848,1.05916810036,0.44440984726,0.313130825758,0.438124418259,-0.715888381004
0.571994483471,0.260732829571,1.05940043926,0.444216996431,0.313955307007,0.436534792185,-0.716617524624
0.572071075439,0.260617911816,1.05963420868,0.444222420454,0.312212407589,0.437492966652,-0.716791391373
0.572166442871,0.260522246361,1.0596960783,0.443457812071,0.312386572361,0.437609702349,-0.717117547989
0.570963978767,0.26116207242,1.06068754196,0.443015098572,0.315005928278,0.438269436359,-0.715841531754
0.571373343468,0.260847091675,1.06068921089,0.442924141884,0.314056843519,0.438090026379,-0.716424167156
0.571373343468,0.260847091675,1.06068921089,0.442924141884,0.314056843519,0.438090026379,-0.716424167156
0.571552693844,0.260880857706,1.06135809422,0.442690134048,0.314159780741,0.437750756741,-0.716731011868
0.571552693844,0.260880857706,1.06135809422,0.442690134048,0.314159780741,0.437750756741,-0.716731011868
0.572000563145,0.260597407818,1.06201195717,0.441885322332,0.313366174698,0.436711639166,-0.718207478523
0.572176456451,0.26056677103,1.0622202158,0.441980600357,0.313045442104,0.436594635248,-0.7183598876
0.572176456451,0.26056677103,1.0622202158,0.441980600357,0.313045442104,0.436594635248,-0.7183598876
0.572547614574,0.260270863771,1.06280136108,0.442113339901,0.312602251768,0.436825484037,-0.718330800533
0.572662591934,0.260160565376,1.06310629845,0.440840214491,0.313051640987,0.436543732882,-0.719088375568
0.572765469551,0.260210454464,1.06307339668,0.440464198589,0.313122242689,0.436160176992,-0.719520807266
0.572593867779,0.26044857502,1.06350493431,0.439968705177,0.314001441002,0.435700923204,-0.719718873501
0.572647988796,0.26033270359,1.06410956383,0.440159440041,0.314010202885,0.435809910297,-0.719532489777
0.572754263878,0.260014384985,1.06447517872,0.441342741251,0.313108772039,0.436117738485,-0.719013869762
0.573129653931,0.259645611048,1.06448471546,0.441491693258,0.31198734045,0.436264336109,-0.719320833683
0.57407027483,0.259110212326,1.06438553333,0.442066937685,0.309892177582,0.435976058245,-0.720047712326
0.57407027483,0.259110212326,1.06438553333,0.442066937685,0.309892177582,0.435976058245,-0.720047712326
0.574340105057,0.258772730827,1.06488001347,0.441120535135,0.309571653605,0.436219364405,-0.720618367195
0.574492752552,0.258552163839,1.06521582603,0.441229999065,0.309116959572,0.436504930258,-0.720573604107
0.574492752552,0.258552163839,1.06521582603,0.441229999065,0.309116959572,0.436504930258,-0.720573604107
0.574980556965,0.258207261562,1.06536126137,0.439769864082,0.308270454407,0.435839653015,-0.722229540348
0.575241327286,0.257895797491,1.06633687019,0.440334171057,0.308011233807,0.436581194401,-0.721548199654
0.575489878654,0.257806420326,1.06620752811,0.439959287643,0.30756136775,0.436632364988,-0.721937716007
0.574390828609,0.258446842432,1.06775128841,0.440890550613,0.310173213482,0.438449621201,-0.719145357609
0.575976371765,0.257550656796,1.06720757484,0.44155177474,0.306416153908,0.438074201345,-0.720577657223
0.576436400414,0.257230997086,1.06738901138,0.441579937935,0.305543750525,0.438534975052,-0.720650613308
0.576436400414,0.257230997086,1.06738901138,0.441579937935,0.305543750525,0.438534975052,-0.720650613308
0.577417254448,0.25680232048,1.06743073463,0.440630227327,0.303998738527,0.438643187284,-0.721818447113
0.577946424484,0.256697356701,1.06770575047,0.441390454769,0.302966564894,0.438898950815,-0.721632540226
0.578594505787,0.256404936314,1.06775045395,0.435463279486,0.306709140539,0.439214795828,-0.723458170891
0.579013824463,0.256198048592,1.06825470924,0.436485052109,0.30566996336,0.439727663994,-0.722970485687
0.579619050026,0.255679368973,1.06880664825,0.430879950523,0.307241976261,0.439608693123,-0.725733458996
0.580458462238,0.25535595417,1.06891405582,0.431326538324,0.306211590767,0.439845860004,-0.725759983063
0.581294536591,0.25517693162,1.06871986389,0.430356651545,0.306057959795,0.439765036106,-0.72644919157
0.580883264542,0.255240917206,1.06984889507,0.43360427022,0.305973351002,0.441456407309,-0.723521947861
0.580883264542,0.255240917206,1.06984889507,0.43360427022,0.305973351002,0.441456407309,-0.723521947861
0.583135545254,0.253377079964,1.06970858574,0.436692118645,0.300165951252,0.443140953779,-0.72306740284
0.583135545254,0.253377079964,1.06970858574,0.436692118645,0.300165951252,0.443140953779,-0.72306740284
0.586738526821,0.251294344664,1.0693114996,0.442067205906,0.292487591505,0.443914979696,-0.722472965717
0.586997032166,0.251263976097,1.06977128983,0.444348782301,0.292105168104,0.444789350033,-0.720688045025
